﻿<?xml version="1.0" encoding="utf-8" ?>
<Defs>

  <ThingDef ParentName="AF_GoodsBase">
    <defName>Leather_Ferian</defName>
    <label>一瓶毛</label>
    <description>这是一瓶松散的可爱毛发！
	\n脱离主人的狐毛会变得特别脆弱，很难保存，也无法做成衣物。
	\n不过拿小罐子收集起来的话会是一样超级棒的装饰品！</description>
	
	    <stackLimit>82</stackLimit>
    <uiIconForStackCount>1</uiIconForStackCount>

        <graphicData>
            <texPath>Goods/FerianWool</texPath>
            <graphicClass>Graphic_StackCount</graphicClass>
            <drawSize>1.82</drawSize>
            <shaderType>Transparent</shaderType>
        </graphicData>
		
    <statBases>
            <MaxHitPoints>24</MaxHitPoints>
      <Flammability>0</Flammability>
      <MarketValue>200</MarketValue>
      <Mass>1.42</Mass>
      <WorkToMake>200</WorkToMake>
      <Beauty>142</Beauty>
    </statBases>
	
  </ThingDef>
  
</Defs>
