﻿<?xml version="1.0" encoding="utf-8" ?>
<Defs>

   <ThingDef ParentName="VineGoodsBase">
      <defName>SydailyVine_Tiny_SydailyFox</defName>
    <label>斯黛莉藤</label>
    <description>这是从狐狸耳朵里长出来的奇怪植物。
	\n\n脱离狐狸的藤蔓正在迅速腐烂。
	\n\n（绝大多数的种族都无法接受它的味道。）</description>
    <thingClass>Medicine</thingClass>
        <graphicData>
            <texPath>Goods/SydailyVine_Tiny</texPath>
            <graphicClass>Graphic_Single</graphicClass>
            <drawSize>2.42</drawSize>
            <shaderType>Transparent</shaderType>
        </graphicData>
    <statBases>
      <MedicalPotency>4.2</MedicalPotency>
      <MedicalQualityMax>2.55</MedicalQualityMax>
      <DeteriorationRate>0.02</DeteriorationRate>
    </statBases>
    <comps>
      <li Class="CompProperties_Usable">
        <useJob>UseItem</useJob>
        <useLabel>\n&lt;color=#fbef97&gt;既然它是从狐狸耳朵里长出来的...&lt;/color&gt;</useLabel>
        <useDuration>42</useDuration>
      </li>
      <li Class="CompProperties_UseEffect">
        <compClass>CompUseEffect_FixWorstHealthCondition</compClass>
      </li>
      <li Class="CompProperties_UseEffect">
        <compClass>CompUseEffect_DestroySelf</compClass>
      </li>
	  
    </comps>
  </ThingDef>
</Defs>
