﻿<?xml version="1.0" encoding="UTF-8"?>
<Defs>

  <ThingDef ParentName="AnimalThingBase">
    <defName>SydailyFox</defName><!-- SydailyFox -->
    <label>&lt;color=#b487ff&gt;斯黛莉晶狐&lt;/color&gt;</label>
    <description>奇怪的微粒穿透了墙壁，
	\n夜色之下，那神秘的紫色光芒是多么的美丽。
	\n\n它看起来像是一只吃胖了的赤狐，却又异常的温顺。
	\n（甚至比我们的一些成员还要听话。）
	\n\n可以清楚地看见狐狸脸颊两侧各镶嵌着一枚紫色的水晶...
	\n你感觉到一丝寒冷...试图去触碰它...
	\n越来越冷，越来越冷...</description>
	    <descriptionHyperlinks><ThingDef>Attack_SydailyFox_description</ThingDef></descriptionHyperlinks>
	<uiIconPath>Interactions/Hewwo</uiIconPath>
		<uiIconScale>82</uiIconScale>
<!-- StatBases -->
    <statBases>
	  <Mass>42</Mass>
      <MoveSpeed>4.6</MoveSpeed>
	  <RestRateMultiplier>0.2</RestRateMultiplier><!--平衡性调整-->
	  <ImmunityGainSpeed>42</ImmunityGainSpeed>
      <MarketValue>2000</MarketValue>
	  
			<!--狐狸产出-->
            <LeatherAmount>0</LeatherAmount>
            <MeatAmount>0</MeatAmount>
		    <HungerRateMultiplier>1.82</HungerRateMultiplier><!-- Sydaily Influence -->
		    <ToxicSensitivity>0</ToxicSensitivity>
			
      <ComfyTemperatureMin>-82</ComfyTemperatureMin>
      <ComfyTemperatureMax>42</ComfyTemperatureMax>
	  
      <ArmorRating_Blunt>0.40</ArmorRating_Blunt>
      <ArmorRating_Sharp>0.20</ArmorRating_Sharp>
	  <ArmorRating_Heat>2.00</ArmorRating_Heat>
	              <Flammability>0</Flammability><!-- Sydaily Shield -->
	  
	  <PainShockThreshold>0.42</PainShockThreshold><!-- No much to be a fighter -->
      <MeleeHitChance>80</MeleeHitChance>
      <MeleeDodgeChance>80</MeleeDodgeChance>
	  <MeleeArmorPenetration>80</MeleeArmorPenetration>
    </statBases>
	
<!-- Tools -->
    <tools>
      <li>
        <label>&lt;color=#b487ff&gt;晶牙&lt;/color&gt;</label><!-- left claw -->
        <capacities>
          <li>Bite</li><!-- Sydaily Melee Attack -->
        </capacities>
        <power>200</power>
        <cooldownTime>0.61</cooldownTime>
        <linkedBodyPartsGroup>Teeth</linkedBodyPartsGroup>
          <extraMeleeDamages>
            <li>
              <def>SydailyBite</def>
              <amount>420</amount>
            </li>
            <li>
              <def>SydailyBite</def>
              <amount>420</amount>
            </li>
            <li>
              <def>SydailyBite</def>
              <amount>420</amount>
            </li>
          </extraMeleeDamages>
      </li>
	  
      <li>
        <label>左爪</label><!-- left claw -->
        <capacities>
          <li>Cut</li>
        </capacities>
        <power>8</power>
        <cooldownTime>0.61</cooldownTime>
        <linkedBodyPartsGroup>FrontLeftPaw</linkedBodyPartsGroup>
          <extraMeleeDamages>
            <li>
              <def>Stun</def>
              <amount>42</amount>
            </li>
          </extraMeleeDamages>
      </li>
      <li>
        <label>右爪</label><!-- Right claw -->
        <capacities>
          <li>Cut</li>
        </capacities>
        <power>8</power>
        <cooldownTime>0.61</cooldownTime>
        <linkedBodyPartsGroup>FrontRightPaw</linkedBodyPartsGroup>
          <extraMeleeDamages>
            <li>
              <def>Stun</def>
              <amount>42</amount>
            </li>
          </extraMeleeDamages>
      </li>
    </tools>
	
<!-- Range verbs -->
	<verbs>
		<li>
			<verbClass>SydailyFox_Settingpack.TrytoMakeSydailyFoxWarningEffect</verbClass>
			<defaultProjectile>SydailyCrystalSpawn_Purple</defaultProjectile><!-- Sydaily Fox Attack -->
			<hasStandardCommand>true</hasStandardCommand>
			
			<accuracyTouch>0.82</accuracyTouch>
			<accuracyShort>0.42</accuracyShort>
			<accuracyMedium>0.24</accuracyMedium>
			<accuracyLong>0.12</accuracyLong><!-- lim -->
		
			     <range>2550</range>
		      	 <minRange>0.1</minRange><!-- protect self -->	
				 
			<warmupTime>4.2</warmupTime>
			<burstShotCount>3</burstShotCount>
			<ticksBetweenBurstShots>42</ticksBetweenBurstShots>

			<soundCast>FoxWounded</soundCast>
            <soundCastTail>SydailyShoot_Tail</soundCastTail>
			<muzzleFlashScale>42</muzzleFlashScale>
	    </li>
	</verbs>

<!-- Animal Race -->
    <race>
	  <body>QuadrupedAnimalWithPawsAndTail</body><!-- QuadrupedAnimalWithPawsAndTail -->
	  <thinkTreeMain>Thinktree_SydailyFox</thinkTreeMain><!-- Thinktree -->
	  <deathActionWorkerClass>SydailyFox_Settingpack.SydailyCrystalExplosionWhileDead</deathActionWorkerClass>
      <trainability>Train_SydailyFox</trainability>
      <lifeStageAges>
        <li>
          <def>AnimalAdult</def>
          <minAge>0</minAge>
		    <soundWounded>FoxWounded</soundWounded><!-- ah! -->
		    <soundDeath>FoxDeath</soundDeath>
			<soundAngry>FoxWounded</soundAngry><!-- Bad noise -->
        </li>
      </lifeStageAges>
            <soundMeleeHitPawn>Pawn_Melee_SmallScratch_HitPawn</soundMeleeHitPawn><!-- Melee Hit Sounds -->
            <soundMeleeHitBuilding>Pawn_Melee_SmallScratch_HitBuilding</soundMeleeHitBuilding>
            <soundMeleeMiss>Pawn_Melee_SmallScratch_Miss</soundMeleeMiss>
			
			<hediffGiverSets>
				<li>SydailyFoxHediffSet_SydailyIn</li><!-- 斯黛莉网络 -->
				<li>SydailyFoxHediffSet_SydailyOnCheek_Left</li><!-- 左脸颊 -->
				<li>SydailyFoxHediffSet_SydailyOnCheek_Right</li><!-- 右脸颊 -->
				<li>OrganicStandard</li>
				<li>Human</li>
			</hediffGiverSets>
			
	  <packAnimal>true</packAnimal>
	  <herdAnimal>false</herdAnimal>
      <petness>0.2</petness>
      <predator>true</predator><!-- You'll soon notice this monster~ -->
      <foodType>OmnivoreAnimal, OvivoreAnimal</foodType>
      <manhunterOnDamageChance>1</manhunterOnDamageChance>
      <nameOnTameChance>1</nameOnTameChance>
      <wildness>0.42</wildness>
	  
      <useMeatFrom>Fox_Fennec</useMeatFrom><!-- Used to be a regular Fox -->
      <leatherDef>Leather_Fox</leatherDef>
	  
      <baseBodySize>0.75</baseBodySize>
      <baseHungerRate>0.42</baseHungerRate>
      <baseHealthScale>0.8</baseHealthScale>

      <manhunterOnTameFailChance>0.02</manhunterOnTameFailChance>
      <nuzzleMtbHours>1.5</nuzzleMtbHours>
      <mateMtbHours>12</mateMtbHours>
	                   <!-- Other -->
			<litterSizeCurve>
				<points>
				<li>(0.5, 0)</li>
				<li>(1, 1)</li>
				<li>(1.01, 0.01)</li>
				<li>(2, 0)</li>
				</points>
			</litterSizeCurve>
      <lifeExpectancy>420</lifeExpectancy>
      <gestationPeriodDays>2100</gestationPeriodDays>
            <ageGenerationCurve>
                <points>
                    <li>(14,0)</li>
                    <li>(28,2)</li>
                    <li>(35,100)</li>
                    <li>(52,80)</li>
                    <li>(70,42)</li>
                    <li>(85,32)</li>
                    <li>(100,2)</li>
                    <li>(120,0)</li>
                </points>
            </ageGenerationCurve>
	</race>
	
<!-- Trade -->
    <tradeability>None</tradeability><!-- None -->
    <tradeTags>
      <li></li><!-- None -->
    </tradeTags>
	
<!-- Damage！！！ -->
    <damageMultipliers>
      <li>
        <damageDef>AF_DA_SydailyCrystalExplosion_PurpleWithMoteNOTG</damageDef>
        <multiplier>0</multiplier>
      </li>
      <li>
        <damageDef>SydailyCrystalAttack_Purple</damageDef>
        <multiplier>0</multiplier>
      </li>
      <li>
        <damageDef>AF_DA_SydailyCrystalExplosion_Purple</damageDef>
        <multiplier>0</multiplier>
      </li>
      <li>
        <damageDef>SydailyBite</damageDef>
        <multiplier>0</multiplier>
      </li>
	  
      <li>
        <damageDef>Flame</damageDef>
        <multiplier>0</multiplier>
      </li>
      <li>
        <damageDef>Frostbite</damageDef>
        <multiplier>0.01</multiplier>
      </li>
      <li>
        <damageDef>Cut</damageDef>
        <multiplier>0.01</multiplier>
      </li>
      <li>
        <damageDef>Scratch</damageDef>
        <multiplier>0.01</multiplier>
      </li>
      <li>
        <damageDef>Stab</damageDef>
        <multiplier>0.01</multiplier>
      </li>
      <li>
        <damageDef>Blunt</damageDef>
        <multiplier>0.01</multiplier>
      </li>
      <li>
        <damageDef>Bite</damageDef>
        <multiplier>0.01</multiplier>
      </li>
      <li>
        <damageDef>ToxicBite</damageDef>
        <multiplier>0.01</multiplier>
      </li>
    </damageMultipliers>
	
<!-- Comps -->
    <comps>
		
            <li Class="CompProperties_Shearable"><!-- SydailyVine_Tiny_SydailyFox -->
                <woolDef>Leather_Ferian</woolDef>
                <shearIntervalDays>2</shearIntervalDays>
                <woolAmount>1</woolAmount>
            </li>
            <li Class="CompProperties_Milkable"><!-- Leather_Ferian -->
                <milkDef>SydailyVine_Tiny_SydailyFox</milkDef>
                <milkIntervalDays>1</milkIntervalDays>
                <milkAmount>4</milkAmount>
            </li>
			
      <li Class="CompProperties_HeatPusher">
        <heatPerSecond>-42</heatPerSecond>
        <heatPushMinTemperature>-42</heatPushMinTemperature>
      </li>
      <li Class="SydailyFox_Settingpack.AF_PlaySpecialAnimation_ON"><!-- AF_SydailyFoxEffect_SydailyFlash -->
        <mote>AF_SydailyFoxEffect_SydailyFlash</mote><!-- AnimationRoad-FoxCrystalA -->
        <StartRange>(-0.55,-0.05,0)</StartRange>
        <EndRange>(0.55,-0.05,0)</EndRange>
        <TicktoSpawn>420</TicktoSpawn>
        <PlaySize>1.12~2.42</PlaySize>
        <QuantitytoSpawn>5</QuantitytoSpawn>
        <RotationRate>0~0</RotationRate>
        <SpeedrangeX>0.12~0.82</SpeedrangeX>
        <SpeedrangeY>0.12~0.82</SpeedrangeY>
      </li>
      <li Class="SydailyFox_Settingpack.AF_PlaySpecialAnimation_ON"><!-- AF_SydailyFoxEffect_SydailyFlash -->
        <mote>AF_SydailyFoxEffect_SydailyFlash</mote><!-- AnimationRoad-FoxCrystalB -->
        <StartRange>(-0.55,-0.05,0)</StartRange>
        <EndRange>(0.55,-0.05,0)</EndRange>
        <TicktoSpawn>42</TicktoSpawn>
        <PlaySize>0.82~1.42</PlaySize>
        <QuantitytoSpawn>1</QuantitytoSpawn>
        <RotationRate>0~0</RotationRate>
        <SpeedrangeX>0.12~0.22</SpeedrangeX>
        <SpeedrangeY>0.12~0.22</SpeedrangeY>
      </li>
      <li Class="SydailyFox_Settingpack.AF_PlaySpecialAnimation_ON"><!-- AF_SydailyFoxEffect_SydailyFlash -->
        <mote>AF_SydailyFoxEffect_SydailyFlash</mote><!-- AnimationRoad-FoxCrystalAA -->
        <StartRange>(-0.55,-0.05,0)</StartRange>
        <EndRange>(0.55,-0.05,0)</EndRange>
        <TicktoSpawn>21000</TicktoSpawn>
        <PlaySize>1.12~2.42</PlaySize>
        <QuantitytoSpawn>42</QuantitytoSpawn>
        <RotationRate>0~0</RotationRate>
        <SpeedrangeX>0.82~2.42</SpeedrangeX>
        <SpeedrangeY>0.82~2.42</SpeedrangeY>
      </li>
    </comps>
	
  </ThingDef>

</Defs>