<?xml version="1.0" encoding="utf-8"?>
<Defs>
    <SoundDef>
        <defName>AF_Sound_NOTG</defName>
        <context>MapOnly</context>
        <eventNames />
        <maxSimultaneous>1</maxSimultaneous>
        <subSounds>
            <li>
                <grains>
                    <li Class="AudioGrain_Folder">
                        <clipFolderPath>NOTG</clipFolderPath>
                    </li>
                </grains>
                <volumeRange>
                    <min>0</min>
                    <max>0</max>
                </volumeRange>
                <distRange>
                    <min>0</min>
                    <max>70</max>
                </distRange>
            </li>
        </subSounds>
    </SoundDef>

</Defs>
