﻿<?xml version="1.0" encoding="utf-8" ?>
<Defs>

	<ThingDef ParentName="MoteBase">
    <defName>AF_Mote_NOTG</defName>
    <label>NANANA</label>
    <graphicData>
      <texPath>NOTG</texPath>
	  <graphicClass>Graphic_Mote</graphicClass>
      <shaderType>Mote</shaderType>
      <drawSize>0.01</drawSize>
    </graphicData>
    <altitudeLayer>MoteLow</altitudeLayer>
    <mote>
      <fadeInTime>0.08</fadeInTime>
      <solidTime>2.2</solidTime>
      <fadeOutTime>3.6</fadeOutTime>
    </mote>
  </ThingDef>

</Defs>
