<?xml version="1.0" encoding="utf-8"?>
<Defs>
    <ThingDef ParentName="AF_NaturalBuildingBase">
        <defName>AF_FailedExperiments</defName>
        <label>&lt;color=#7f0000&gt;诡异，肉&lt;/color&gt;</label><!-- Force -->
        <description>一大坨令人作呕的肉块，它正在发出一种恐怖至极的心灵冲击波！
		\n\n这些肉泥可以吸收刀剑和子弹的伤害，用【炸药】摧毁它！</description>
		<size>(3,3)</size>
        <graphicData>
            <graphicClass>Graphic_Single</graphicClass>
	      <shaderType>Transparent</shaderType>
			<drawSize>(8.2,8.2)</drawSize>
            <texPath>Buildings/FailedExperiments</texPath>
            <damageData>
                <rect>(0.01,0.01,0.01,0.01)</rect>
            </damageData>
        </graphicData>
		
		<costList>
			<InsectJelly>2420</InsectJelly>
        </costList>
		
        <statBases>
            <MaxHitPoints>2520</MaxHitPoints>
			<WorkToBuild>0</WorkToBuild>
            <MarketValue>0</MarketValue>
            <Beauty>-120</Beauty>
            <Mass>0</Mass>
            <Flammability>0.2</Flammability>
        </statBases>	
		
            <fillPercent>0</fillPercent><!-- PutOnTables -->
            <pathCost>0</pathCost>
		
        <rotatable>false</rotatable><!-- Single -->
	    <minifiedDef />
    <thingCategories Inherit="false" />
    <altitudeLayer>Weather</altitudeLayer>
    <socialPropernessMatters>true</socialPropernessMatters>
    <canOverlapZones>false</canOverlapZones>
        <passability>Impassable</passability>
        <leaveResourcesWhenKilled>true</leaveResourcesWhenKilled>
        <constructEffect>ConstructMetal</constructEffect>
        <tickerType>Normal</tickerType>
		        <useHitPoints>true</useHitPoints><!-- useHitPoints -->
               <techLevel>Neolithic</techLevel>

    <drawPlaceWorkersWhileSelected>true</drawPlaceWorkersWhileSelected>
	
    <building>
	  <isMealSource>true</isMealSource>
			<soundAmbient>AF_SOSP_FailedExperiments</soundAmbient><!-- ？？？ -->
	  <ai_chillDestination>false</ai_chillDestination>
      <isEdifice>false</isEdifice>
      <claimable>false</claimable>
      <deconstructible>false</deconstructible>
    </building>
		<soundImpactDefault>AF_SO_SUSBF_Stop</soundImpactDefault>	
		<filthLeaving>Filth_Blood</filthLeaving>
		
        <comps>
      <li Class="CompProperties_Lifespan">
        <lifespanTicks>42000</lifespanTicks>
      </li>
      <li Class="SydailyFox_Settingpack.AF_PlaySpecialAnimation_ON"><!-- Mote_BloodFog_B -->
        <mote>Mote_BloodFog_B</mote><!-- AnimationRoad-BooldfogA -->
        <StartRange>(-0.55,-0.05,0)</StartRange>
        <EndRange>(0.55,-0.05,0)</EndRange>
        <TicktoSpawn>92</TicktoSpawn>
        <PlaySize>0.92~1.42</PlaySize>
        <RotationRate>0~0</RotationRate>
        <SpeedrangeX>-0.04~0.04</SpeedrangeX>
        <SpeedrangeY>-0.04~0.04</SpeedrangeY>
      </li>
      <li Class="SydailyFox_Settingpack.AF_PlaySpecialAnimation_ON"><!-- Mote_BloodFog_B -->
        <mote>Mote_BloodFog_B</mote><!-- AnimationRoad-BooldfogB -->
        <StartRange>(0,0,0)</StartRange>
        <EndRange>(0,0,0)</EndRange>
        <TicktoSpawn>92</TicktoSpawn>
        <PlaySize>4.8~5.2</PlaySize>
        <QuantitytoSpawn>2</QuantitytoSpawn>
        <RotationRate>0~0</RotationRate>
        <SpeedrangeX>-0.04~0.04</SpeedrangeX>
        <SpeedrangeY>-0.04~0.04</SpeedrangeY>
      </li>
      <li Class="SydailyFox_Settingpack.AF_PlaySpecialAnimation_ON"><!-- Mote_BloodFog_B -->
        <mote>Mote_BloodFog_B</mote><!-- AnimationRoad-BooldfogA/C -->
        <StartRange>(0,0,0)</StartRange>
        <EndRange>(0,0,0)</EndRange>
        <TicktoSpawn>82</TicktoSpawn>
        <PlaySize>2.8~3.2</PlaySize>
        <QuantitytoSpawn>2</QuantitytoSpawn>
        <RotationRate>-45~45</RotationRate>
        <SpeedrangeX>-0.08~0.08</SpeedrangeX>
        <SpeedrangeY>-0.08~0.08</SpeedrangeY>
      </li>
      <li Class="SydailyFox_Settingpack.AF_PlaySpecialAnimation_ON"><!-- AF_SydailyBomb_SpawnFlashLong -->
        <mote>AF_SydailyBomb_SpawnFlashLong</mote><!-- AnimationRoad-Flash -->
        <StartRange>(0,0,0)</StartRange>
        <EndRange>(0,0,0)</EndRange>
        <TicktoSpawn>192</TicktoSpawn>
        <PlaySize>3.98~3.02</PlaySize>
        <RotationRate>0~0</RotationRate>
        <SpeedrangeX>0~0</SpeedrangeX>
        <SpeedrangeY>0~0</SpeedrangeY>
      </li>
      <li Class="SydailyFox_Settingpack.AF_PlaySpecialAnimation_ON"><!-- AF_SydailyFoxEffect_SydailyFlash -->
        <mote>AF_SydailyFoxEffect_SydailyFlash</mote><!-- AnimationRoad-FoxCrystalAA -->
        <StartRange>(-0.55,-0.05,0)</StartRange>
        <EndRange>(0.55,-0.05,0)</EndRange>
        <TicktoSpawn>21000</TicktoSpawn>
        <PlaySize>1.12~2.42</PlaySize>
        <QuantitytoSpawn>42</QuantitytoSpawn>
        <RotationRate>0~0</RotationRate>
        <SpeedrangeX>0.82~2.42</SpeedrangeX>
        <SpeedrangeY>0.82~2.42</SpeedrangeY>
      </li>
      <li Class="CompProperties_Explosive">
        <explosiveRadius>12.4</explosiveRadius>
        <explosiveDamageType>AF_DA_SydailyCrystalExplosion_PurpleWithMoteNOTG</explosiveDamageType>
        <destroyThingOnExplosionSize>0</destroyThingOnExplosionSize>
        <startWickHitPointsPercent>0.1</startWickHitPointsPercent>
        <preExplosionSpawnThingDef>Filth_Blood</preExplosionSpawnThingDef><!--Blood -->
        <preExplosionSpawnChance>42</preExplosionSpawnChance>
        <explosionEffect>AF_Effect_BloodFog</explosionEffect>
        <wickTicks>
          <min>0</min>
          <max>1</max>
        </wickTicks>
      </li>	
      <li Class="CompProperties_MoteEmitter">
        <mote>Mote_PsychicConditionCauserEffect</mote>
        <emissionInterval>42</emissionInterval>
      </li>
			<li Class="CompProperties_Glower">
				<glowRadius>8.2</glowRadius>
				<glowColor>(106,1,24,0)</glowColor>
			</li>
        </comps>
		
    <damageMultipliers>
      <li>
        <damageDef>Bullet</damageDef>
        <multiplier>0.01</multiplier>
      </li>
      <li>
        <damageDef>Arrow</damageDef>
        <multiplier>0.01</multiplier>
      </li>
      <li>
        <damageDef>Bomb</damageDef>
        <multiplier>40</multiplier>
      </li>
      <li>
        <damageDef>AF_DA_SydailyCrystalExplosion_PurpleWithMoteNOTG</damageDef>
        <multiplier>0</multiplier>
      </li>
      <li>
        <damageDef>Flame</damageDef>
        <multiplier>20</multiplier>
      </li>
      <li>
        <damageDef>Frostbite</damageDef>
        <multiplier>0.01</multiplier>
      </li>
      <li>
        <damageDef>Cut</damageDef>
        <multiplier>0.01</multiplier>
      </li>
      <li>
        <damageDef>Scratch</damageDef>
        <multiplier>0.01</multiplier>
      </li>
      <li>
        <damageDef>Stab</damageDef>
        <multiplier>0.01</multiplier>
      </li>
      <li>
        <damageDef>Blunt</damageDef>
        <multiplier>0.01</multiplier>
      </li>
      <li>
        <damageDef>Bite</damageDef>
        <multiplier>0.01</multiplier>
      </li>
      <li>
        <damageDef>ToxicBite</damageDef>
        <multiplier>0</multiplier>
      </li>
    </damageMultipliers>
	
    </ThingDef>
</Defs>
